,Nitrous oxide emissions (% change from 1990),Agricultural nitrous oxide emissions (% of total),CO2 emissions from liquid fuel consumption (% of total)
count,13.0,9.0,16.0
mean,10.936553435888849,49.22886365980995,69.32850765177008
std,22.114530401150507,3.284989723064034,6.17189349648338
min,-16.8004563151505,45.0980392156863,58.3579475238528
25%,4.19579687696237,45.6521739130435,65.80282229786636
50%,7.21993134340855,50.0,67.7457452959551
75%,16.557646418554,51.3513513513513,73.20216903206853
max,74.134989743375,54.2857142857143,82.3560114605544
